species,SRR31349521,SRR31349522,SRR31349523,SRR31349524,SRR31349525,SRR31349526,SRR31349527,SRR31349528,SRR31349529,SRR31349530,SRR31349531,SRR31349532,SRR31349533,SRR31349534,SRR31349535,SRR31349536,SRR31349537,SRR31349538,SRR31349539,SRR31349540,SRR31349541,SRR31349542,SRR31349543,SRR31349544,SRR31349545,SRR31349546,SRR31349547,SRR31349548,SRR31349549,SRR31349550,SRR31349551,SRR31349552,SRR31349553,SRR31349554,SRR31349555,SRR31349556,SRR31349557,SRR31349558,SRR31349559,SRR31349560,SRR31349561,SRR31349562,SRR31349563,SRR31349564,SRR31349565,SRR31349566,SRR31349567,SRR31349568,SRR31349569,SRR31349570,SRR31349571,SRR31349572,SRR31349573,SRR31349574,SRR31349575,SRR31349576,SRR31349577,SRR31349578,SRR31349579,SRR31349580,SRR31349581,SRR31349582,SRR31349583,SRR31349584,SRR31349585,SRR31349586,SRR31349587,SRR31349588,SRR31349589,SRR31349590,SRR31349591,SRR31349592,SRR31349593,SRR31349594,SRR31349595,SRR31349596,SRR31349597,SRR31349598
Abramis brama,251,187,38,42,124,0,136,158,119,60,236,1121,924,675,513,2939,2863,1362,315,539,680,145,876,774,474,12208,2631,13874,14189,874,958,2034,497,272,2014,1977,170,156,256,222,197,37,390,609,474,433,331,128,195,272,320,306,549,409,80,232,220,186,297,224,374,483,152,256,190,197,222,415,275,239,268,166,229,463,633,341,68,180
Alburnus alburnus,511,272,59,55,213,46,294,561,340,278,632,321,348,529,5260,456,178,6711,1748,1654,1898,412,2564,2486,105,1276,224,1076,1183,889,870,2095,997,1118,4693,4758,883,3286,2632,567,1388,96,1714,1681,2768,1275,902,273,739,6208,571,582,1011,4834,93,785,3157,1611,3795,4087,4756,6326,43774,320,274,45,315,367,463,524,578,428,627,1114,1564,301,91,1042
Ballerus ballerus,1203,1013,39,30,107,22,91,163,65,83,162,856,831,325,1304,2297,269,2008,597,685,1166,59,1345,1139,49,210,34,118,613,228,178,540,224,279,928,852,749,1188,732,683,496,29,386,436,386,404,387,130,148,365,429,310,1349,2414,59,1807,314,119,252,212,423,526,135,389,493,51,555,900,561,81,261,84,140,261,484,1052,50,971
Barbatula barbatula,0,0,0,0,0,0,0,0,0,0,0,0,0,0,0,0,0,0,0,0,0,0,0,0,0,0,0,0,0,0,0,0,0,0,0,0,0,0,0,0,0,0,0,0,0,0,0,0,0,13,10,0,0,0,0,0,0,0,0,0,0,0,0,0,0,0,0,0,6,0,0,0,0,0,0,0,0,0
Barbus barbus,764,610,146,118,338,53,535,305,215,180,726,867,835,952,1588,2236,456,1475,348,350,1281,347,929,1216,51,686,272,654,875,263,127,323,1194,260,725,696,743,2660,3370,2547,2036,188,1861,3908,2499,2106,926,341,682,12155,17597,16887,1663,1798,439,1851,697,354,770,2984,3051,5503,552,988,1386,188,807,805,665,547,664,633,1147,1922,2879,764,286,3717
Carassius auratus,46,22,241,0,60,6,74,70,127,106,53,62,45,145,120,108,8,205,36,38,116,31,160,106,13,188,10,662,453,66,74,100,94,31,195,252,32,707,360,131,94,323,238,167,266,210,106,17,30,124,116,105,547,170,38,280,93,22,88,68,127,131,29,37,60,163,107,116,81,52,60,22,102,126,185,123,65,284
Chondrostoma nasus,26479,19910,392,3726,949,119,1737,799,560,469,4512,8793,5823,7357,11099,17847,7836,3707,691,802,2066,2831,2541,2423,354,5425,1386,3917,4319,655,697,1512,6448,1593,4243,4413,2953,12565,15473,24402,13553,493,2819,6947,3028,5720,1810,673,1052,8575,12824,10741,19795,18326,714,24000,6224,3612,5214,3367,11414,4898,2883,15178,25065,561,17917,19399,12236,1734,7945,2402,1663,2994,3916,24589,519,25304
Chondrostoma soetta,2455,3107,69,0,155,0,154,93,0,64,359,1104,823,977,1989,2234,0,539,118,129,350,396,388,380,108,622,138,1371,518,99,145,234,653,166,600,581,1235,681,3795,2227,1694,0,845,690,1834,1951,390,83,227,907,1404,1197,2414,2212,116,2114,764,368,484,272,577,801,395,1812,2870,77,2033,2144,1806,164,585,214,237,345,458,3061,66,2532
Clarias gariepinus,0,0,0,0,0,0,0,0,0,0,9,0,0,0,0,0,0,3,0,0,0,0,3,5,0,0,0,0,0,0,0,0,6,0,0,0,0,0,0,0,0,0,10,8,0,0,2,0,0,0,0,0,6,0,0,0,0,0,0,0,0,0,0,0,0,0,0,0,0,6,6,0,0,0,0,0,0,0
Cobitis elongatoides,3,0,0,0,23,3,38,39,22,35,59,4,0,0,0,27,3,285,200,78,144,54,213,194,0,15,3,0,0,42,11,58,109,66,141,155,0,0,0,23,0,0,297,131,277,343,131,45,82,11,0,3,3,0,0,4,537,219,467,229,465,442,0,0,0,0,48,0,0,66,97,66,86,167,271,0,0,0
Cottus gobio,115,0,0,0,0,0,0,0,0,0,0,0,45,0,0,0,0,0,0,0,0,0,0,0,0,0,0,0,0,0,0,0,0,0,0,0,0,0,0,0,0,0,0,0,0,0,0,0,0,0,16,11,0,0,0,0,0,0,0,0,0,0,0,60,0,0,0,74,197,0,0,0,0,0,0,0,0,0
Ctenopharyngodon idella,0,115,0,0,0,0,0,14,0,0,0,0,456,7,0,68,0,98,36,26,39,0,96,32,0,72,0,0,112,18,23,54,21,0,55,57,0,0,8,0,6,0,13,17,0,17,25,0,0,13,0,0,0,86,0,0,11,0,10,18,15,14,5,0,6,0,0,0,0,0,0,0,42,10,15,0,0,11
Esox lucius,10,17,10,10,17,0,17,0,0,0,3,82,24,36,11,6,8,7,0,2,0,3,9,0,0,57,12,12,202,5,0,4,7,0,6,8,30,17,9,10,158,95,0,6,0,0,20,0,0,0,18,117,2793,125,107,8,0,4,0,0,0,14,18,5,0,10,18,9,3,0,4,0,0,0,7,11,5,10
Gymnocephalus cernua,35,4,0,0,10,0,6,4,0,5,9,3,0,12,0,0,0,11,7,7,9,0,9,20,0,4,0,7,0,6,5,8,17,0,6,4,3,0,815,0,64,0,0,263,12,7,10,4,19,27,32,15,166,365,0,4,0,0,9,28,7,40,0,0,2,0,49,29,17,8,15,0,11,20,19,82,0,46
Leuciscus aspius,278,105,0,0,0,0,0,0,0,0,0,84,209,301,288,451,0,0,0,0,0,0,0,0,0,0,0,0,0,0,0,0,0,0,0,0,0,0,173,112,0,0,0,0,0,0,0,0,0,0,0,0,219,0,0,204,0,0,0,46,0,0,0,0,87,0,0,0,0,0,0,0,0,0,0,0,0,159
Leuciscus leuciscus,96,116,24,0,0,0,0,0,0,0,0,51,63,192,0,393,0,160,0,0,122,0,106,112,276,1939,1239,8767,8348,100,0,299,0,81,704,763,60,237,58,69,59,0,73,102,100,81,0,0,0,96,139,107,59,79,23,98,0,0,74,48,86,97,0,72,60,43,39,42,41,59,74,0,0,67,86,74,20,61
Neogobius fluviatilis,0,0,0,0,0,0,0,0,0,0,0,0,0,0,0,0,0,0,0,0,0,0,5,14,0,0,0,0,0,0,0,0,0,0,0,0,0,0,0,0,0,0,0,0,0,0,0,0,0,0,0,0,0,0,0,0,0,0,0,0,0,0,0,0,0,0,0,0,0,0,0,0,0,0,0,0,0,0
Neogobius melanostomus,3,0,0,6,19,0,16,35,15,10,24,405,230,227,489,567,0,701,249,415,1528,10,2298,2498,13,19,0,197,363,11,24,38,19,32,141,238,0,190,0,4,3,0,32,61,22,25,36,0,17,4,3,0,2,5,0,6,19,17,31,45,51,36,4,0,0,2,0,0,15,15,25,11,23,21,51,0,0,5
Oncorhynchus mykiss,256,11,3,5,0,0,0,11,0,0,0,4,17,0,0,191,0,0,0,0,0,9,5,0,0,9,0,13,14,10,0,19,27,0,0,0,8,5,535,170,73,0,17,6,0,0,4,0,0,24,0,36,269,357,0,259,0,0,0,0,33,12,0,42,8,6,207,205,87,9,37,8,18,52,45,91,5,80
Perca fluviatilis,0,0,0,0,0,0,0,0,0,0,0,0,0,0,0,114,0,9,0,0,0,0,0,0,4,0,0,0,40,0,0,0,0,0,11,0,0,0,0,0,0,0,0,0,0,0,0,0,0,0,0,0,0,0,0,0,0,0,0,0,0,0,0,0,0,0,9,0,0,0,0,0,0,5,0,0,4,0
Phoxinus phoxinus,0,0,0,0,0,0,0,0,0,0,0,0,0,0,0,0,0,0,0,0,0,0,0,0,0,0,0,0,0,0,0,0,0,0,0,0,0,0,0,0,0,0,5,0,0,6,0,0,0,0,0,0,0,0,0,0,0,0,0,0,0,0,0,0,0,0,19,7,39,0,0,0,0,0,0,0,0,0
Pseudorasbora parva,7,0,0,0,0,0,0,0,0,0,0,0,5,5,0,0,0,12,0,0,8,0,0,0,0,27,0,0,0,0,0,0,0,0,10,6,0,4,0,39,39,0,17,0,9,8,0,4,6,10,4,6,5,28,0,0,4,0,0,0,0,13,0,0,0,0,0,0,0,0,0,0,0,0,0,0,0,0
Rhodeus amarus,287,430,15,7,20,3,57,23,15,19,49,165,40,40,255,358,14,174,22,23,75,41,85,109,3,78,26,46,53,24,20,29,88,70,79,67,931,98,701,1315,295,12,75,610,62,76,76,30,38,70,77,81,312,691,25,489,58,40,99,105,163,318,27,26,24,8,33,60,136,26,41,34,49,311,212,108,23,898
Sabanejewia balcanica,0,0,0,0,54,5,58,61,30,32,130,0,0,3,0,2,0,287,67,49,170,99,221,197,0,3,0,0,2,55,23,73,158,74,157,155,0,0,0,25,2,0,324,519,324,486,247,78,171,0,0,0,9,3,0,2,150,77,135,1031,1584,2012,5,0,0,0,0,2,0,152,87,77,86,334,346,27,0,115
Salmo trutta,84,0,0,0,0,0,0,0,0,0,0,0,0,0,7,0,0,0,0,0,0,0,0,0,0,0,0,0,0,0,0,0,0,0,0,0,0,0,0,0,0,0,0,0,0,0,0,0,0,13,81,20,0,143,7,0,0,0,0,0,0,0,0,0,0,0,0,0,0,0,0,0,0,0,0,0,0,0
Salvelinus fontinalis,0,0,0,0,3,0,0,0,0,0,0,0,0,0,0,0,0,0,0,0,0,0,0,4,0,0,0,0,0,0,0,3,0,0,0,0,0,0,0,32,0,0,0,0,0,0,0,0,5,10,0,0,0,0,0,0,0,0,0,0,0,0,0,0,0,0,0,9,0,0,0,0,0,0,30,0,0,0
Sander lucioperca,0,0,0,4,0,0,0,0,0,0,0,0,79,4,0,0,0,0,0,0,9,0,0,10,5,194,1168,0,54,0,0,15,0,4,11,20,0,4,0,0,4,0,0,7,0,0,0,0,0,0,0,4,0,8,0,4,0,0,0,0,36,0,0,4,0,0,0,0,0,0,0,0,0,0,7,0,0,0
Silurus glanis,225,18,15,13,24,0,28,35,23,19,48,19,18,69,16,203,11,340,44,176,105,25,105,112,5,65,11,24,25,21,10,72,106,32,103,120,27,17,474,141,132,51,236,567,91,121,78,22,39,33,56,45,320,886,10,181,55,29,69,97,88,102,23,122,81,7,116,3969,43,56,61,78,104,159,169,195,22,188
Squalius cephalus,280,136,14,17,725,128,1079,1217,836,690,2970,655,40,148,299,398,1521,10763,2297,2721,10744,1475,13175,13228,65,866,415,1436,975,964,916,2431,4290,1943,6965,6994,60,44,414,323,257,20,6960,7169,6010,6357,7749,2907,5766,141,220,147,363,216,17,514,8389,4450,9217,3814,5796,7336,72,3665,280,0,265,247,186,1967,2496,1801,2796,5108,7301,336,22,770
Thymallus thymallus,104,0,0,0,0,0,0,0,0,0,0,0,0,0,0,0,0,0,0,0,0,0,0,0,0,0,0,0,0,0,0,0,0,11,0,0,0,0,402,3,3,0,0,0,0,0,0,0,0,3,0,5,36,24,0,0,0,0,0,0,0,0,0,0,24,0,0,0,0,0,0,0,0,0,0,0,0,0
Vimba vimba,49,133,8,26,274,46,323,558,201,230,1797,217,155,114,453,334,18,7839,1807,2164,3465,1022,4288,4716,8,213,126,484,306,538,489,1210,3424,585,2435,2585,15342,2324,1101,131,173,13,3317,3258,3553,3362,2321,629,1617,120,91,94,432,231,24,514,1122,580,1186,1030,1624,2242,53,30,85,17,220,122,78,1073,938,846,947,1316,2556,125,23,97
